city_name,index_value
鄂城区,1636
龙里县,1313
华容区,1278
梁子湖区,1758
光明区,357
高陵区,23
三都水族自治县,1786
坪山区,522
鄠邑区,1782
惠水县,1861
临潼区,1124
长安区,802
雁塔区,1204
阎良区,1247
河口瑶族自治县,1930
绿春县,762
金平苗族瑶族傣族自治县,1683
隆安县,442
上林县,1632
马山县,769
前锋区,1016
龙城区,1349
双塔区,516
华龙区,1040
广安区,792
灞桥区,336
未央区,1783
宾阳县,258
宣州区,497
北塔区,896
恩平市,160
鹤山市,1499
开平市,852
汪清县,1688
莲湖区,1932
台山市,690
新城区,1699
碑林区,380
龙华区,1569
安图县,1953
盐田区,957
龙岗区,691
宝安区,1451
南山区,1637
福田区,1292
罗湖区,1859
大祥区,1601
双清区,1441
迁西县,1192
滦南县,1866
乐亭县,1067
玉田县,1580
邹平市,285
沅江市,397
华阴市,12
韩城市,1631
龙川县,1326
紫金县,1922
东源县,1277
香格里拉市,499
和平县,754
连平县,35
岳池县,727
武胜县,849
邻水县,90
永吉县,776
南明区,605
云岩区,1946
图们市,970
敦化市,1626
周至县,1022
延吉市,418
和龙市,115
凭祥市,617
珲春市,1927
龙井市,1220
江油市,826
田阳区,1525
古冶区,1650
右江区,1517
开平区,1099
宣威市,413
自流井区,1400
路南区,1444
路北区,729
大安区,1301
丰润区,1021
贡井区,761
清原满族自治县,676
曹妃甸区,1418
新宾满族自治县,1893
抚顺县,457
丰南区,920
蓝田县,192
涿州市,739
高碑店市,1713
黔西市,1123
定州市,1572
安国市,978
红谷滩区,1009
金东区,96
青山湖区,1688
新建区,663
源城区,1214
婺城区,1760
大丰区,37
曲水县,1804
商州区,1393
亭湖区,1719
盐都区,1549
墨竹工卡县,279
林周县,217
当雄县,867
尼木县,873
磐石市,1822
大方县,1297
都匀市,1905
金沙县,62
进贤县,596
织金县,1904
仙游县,729
纳雍县,1366
福泉市,397
弥勒市,699
富源县,1043
威宁彝族回族苗族自治县,177
安义县,1636
蒙自市,396
会泽县,445
赫章县,1257
合作市,1939
开远市,76
师宗县,265
南昌县,455
个旧市,1820
罗平县,718
陆良县,735
德保县,1408
凌云县,1588
那坡县,851
盐亭县,1530
当涂县,1391
田东县,144
三台县,885
平武县,1093
梓潼县,1123
含山县,396
北川羌族自治县,1049
和县,948
田林县,891
蛟河市,1493
乐业县,1508
舒兰市,1589
桦甸市,1175
柞水县,1168
横州市,569
浦江县,1063
磐安县,109
西林县,1717
高阳县,1066
容城县,1210
武义县,935
沁县,398
沁源县,1247
建平县,634
易县,1157
朝阳县,1187
曲阳县,1239
望都县,733
安新县,235
博野县,1867
隆林各族自治县,658
雄县,751
喀喇沁左翼蒙古族自治县,588
蠡县,1033
顺平县,1098
武乡县,954
泾县,492
镇安县,913
山阳县,1277
射阳县,1254
郎溪县,1543
商南县,1198
建湖县,1677
丹凤县,1192
滨海县,170
洛南县,1417
阜宁县,946
涞源县,795
旌德县,634
响水县,1218
绩溪县,1541
邵武市,29
青云谱区,1189
贵定县,1446
武夷山市,339
红河县,1672
荔波县,1520
建瓯市,1389
东湖区,1857
元阳县,1366
瓮安县,500
西湖区,1681
泸西县,511
平塘县,1351
城厢区,217
石屏县,1325
独山县,1156
涵江区,1828
建水县,1094
长顺县,1276
荔城区,1439
屏边苗族自治县,1811
罗甸县,445
秀屿区,876
南县,1206
安化县,167
桃江县,91
花山区,714
博望区,1882
雨山区,1555
南沙区,39
西沙区,1150
清苑区,1475
徐水区,173
莲池区,653
满城区,754
郧阳区,1244
张湾区,1662
茅箭区,1082
华蓥市,1684
土默特右旗,476
合浦县,456
殷都区,829
龙安区,895
北关区,1385
望城区,1959
文峰区,1025
雨花区,387
固阳县,1997
达尔罕茂明安联合旗,348
襄垣县,190
平顺县,505
黎城县,1215
壶关县,1532
武冈市,1393
长子县,1433
轮台县,824
尉犁县,929
若羌县,934
且末县,1141
焉耆回族自治县,134
和静县,58
和硕县,1580
博湖县,685
滨城区,672
涞水县,173
沾化区,1853
定兴县,815
唐县,1173
阜平县,80
邵东市,886
天心区,1237
芙蓉区,203
开福区,764
岳麓区,1253
德庆县,1700
封开县,1251
怀集县,1683
广宁县,1556
会理市,1465
西昌市,1426
白云鄂博矿区,47
九原区,1257
青山区,1329
石拐区,1550
东河区,1167
铜鼓县,1439
昆都仑区,1537
宜丰县,1397
靖安县,1590
潞州区,1910
上党区,1283
抚松县,656
屯留区,471
潞城区,1977
玛曲县,971
长白朝鲜族自治县,1036
绥滨县,1354
库尔勒市,736
碌曲县,784
靖宇县,968
萝北县,358
舟曲县,972
迭部县,1432
临潭县,668
昌乐县,373
卓尼县,1032
永济市,1146
河津市,1372
夏河县,676
竞秀区,90
清镇市,1672
江州区,698
江北区,1340
高要区,1202
花溪区,540
大渡口区,732
鼎湖区,869
乌当区,41
渝中区,740
端州区,1728
白云区,1947
涪陵区,502
北碚区,959
观山湖区,1169
南岸区,1225
丰满区,929
九龙坡区,1748
沙坪坝区,461
维西傈僳族自治县,732
德钦县,752
沿滩区,925
桓台县,909
高青县,1582
沂源县,1571
顺城区,1277
崆峒区,390
万州区,1618
临江市,883
息烽县,256
修文县,709
兴义市,1839
兴仁市,1945
龙潭区,450
昌邑区,10
分宜县,824
船营区,798
顺昌县,1266
浦城县,1275
光泽县,877
松溪县,1029
政和县,1143
扶绥县,1016
富顺县,1825
大石桥市,374
荣县,1089
盖州市,146
龙州县,224
宁明县,1263
新抚区,177
胡杨河市,1803
原州区,853
乌尔禾区,1306
白碱滩区,63
克拉玛依区,1241
望花区,1878
白杨市,827
独山子区,795
东洲区,689
新星市,1485
天等县,1953
大新县,1634
龙泉市,105
开阳县,1123
芮城县,511
昆玉市,385
可克达拉市,405
台前县,823
张店区,518
范县,476
博山区,709
青秀区,1887
临淄区,1669
濮阳县,1894
兴宁区,771
周村区,1461
南乐县,1047
寿光市,997
清丰县,1589
安丘市,677
高密市,714
昌邑市,1482
淄川区,83
邕宁区,1169
新绛县,1109
图木舒克市,1102
良庆区,457
绛县,1902
阿拉尔市,1
青州市,51
垣曲县,685
石河子市,717
诸城市,1796
夏县,1470
江南区,449
平陆县,881
双河市,488
铁门关市,1824
西乡塘区,34
北屯市,1372
五家渠市,95
普安县,1096
渝水区,1575
晴隆县,154
贞丰县,250
望谟县,674
册亨县,438
伊金霍洛旗,118
樟树市,771
安龙县,1915
乌审旗,1330
高安市,268
丰城市,1985
延平区,1078
建阳区,236
洞口县,389
无棣县,990
隆回县,1758
绥宁县,763
博兴县,1849
城步苗族自治县,401
新宁县,624
武鸣区,767
阳信县,1327
惠民县,919
邵阳县,1231
新邵县,1253
河曲县,853
保德县,1934
偏关县,578
玉树市,75
肃南裕固族自治县,435
民乐县,103
临泽县,1446
临夏市,1728
高台县,764
徽州区,738
色尼区,806
屯溪区,1330
黄山区,98
博白县,1874
繁峙县,798
额济纳旗,1359
陆川县,859
宁武县,435
阿拉善右旗,447
静乐县,1332
吉首市,249
阿拉善左旗,166
兴业县,1505
神池县,984
山丹县,1359
五寨县,1020
岢岚县,542
容县,759
昌吉市,1130
思茅区,1587
阜康市,81
新巴尔虎右旗,133
新巴尔虎左旗,797
陈巴尔虎旗,900
浠水县,138
英山县,184
罗田县,1425
红安县,1354
黄梅县,785
汉滨区,1532
蕲春县,1876
团风县,984
同心县,69
新野县,546
盐池县,1798
淅川县,53
内乡县,1474
唐河县,205
社旗县,126
方城县,1771
南召县,43
镇平县,1776
乌鲁木齐县,1995
西峡县,1907
涟源市,111
冷水江市,761
班戈县,1687
巴青县,1207
尼玛县,848
甘州区,95
聂荣县,1995
安多县,1398
申扎县,1936
索县,1544
鄂温克族自治旗,900
忻府区,360
鄂伦春自治旗,900
莫力达瓦达斡尔族自治旗,1720
嘉黎县,281
阿荣旗,1219
比如县,1888
汤原县,1219
璧山区,667
江津区,93
桦川县,672
澜沧拉祜族自治县,1970
石泉县,61
长寿区,634
西盟佤族自治县,1075
宁陕县,1427
黔江区,1813
江城哈尼族彝族自治县,1029
巴南区,1490
孟连傣族拉祜族佤族自治县,604
汉阴县,682
桦南县,1853
景谷傣族彝族自治县,534
南川区,1429
定襄县,838
镇沅彝族哈尼族拉祜族自治县,1537
永川区,645
五台县,233
墨江哈尼族自治县,524
扎赉诺尔区,346
合川区,1070
代县,546
景东彝族自治县,1969
黄州区,1102
宁洱哈尼族彝族自治县,1754
白河县,1837
平利县,1947
镇坪县,1097
紫阳县,794
岚皋县,249
利通区,47
米东区,1145
达坂城区,214
红寺堡区,239
头屯河区,1080
水磨沟区,350
卧龙区,107
新市区,831
沙依巴克区,48
天山区,1597
渝北区,337
大足区,1050
宛城区,804
綦江区,1281
和田市,8
龙港市,625
深州市,1891
阳新县,1277
常熟市,1716
木里藏族自治县,719
秦淮区,303
会东县,639
建邺区,56
玄武区,726
德昌县,526
盐源县,474
太仓市,28
布拖县,78
张家港市,1240
普格县,1410
昆山市,365
宁南县,666
海拉尔区,526
鲁山县,699
瑞安市,1336
老边区,883
郏县,1031
乐清市,1027
叶县,1647
鼓楼区,919
宝丰县,750
兴山区,363
澳门特别行政区,1775
东山区,1532
兴安区,1298
南山区,1530
工农区,806
向阳区,739
金乡县,1907
中山市,1039
嘉祥县,1216
抚远市,1655
富锦市,485
浑江区,28
同江市,714
江源区,1063
冕宁县,1977
喜德县,1297
微山县,1255
昭觉县,86
鱼台县,1498
金阳县,126
泗水县,812
雷波县,537
梁山县,145
美姑县,1549
甘洛县,1236
越西县,25
汶上县,1604
站前区,1418
鲅鱼圈区,67
西市区,233
囊谦县,109
治多县,1170
称多县,111
杂多县,228
宜城市,111
枣阳市,1494
老河口市,34
曲麻莱县,623
铁山区,1800
下陆区,1960
西塞山区,1393
黄石港区,748
康乐县,595
北流市,1578
休宁县,425
临夏县,613
黟县,1542
广河县,692
永靖县,1306
歙县,1344
祁门县,1762
新华区,1467
石龙区,1976
卫东区,315
沁阳市,877
东乡族自治县,1990
和政县,1765
银海区,1401
孟州市,1313
积石山保安族东乡族撒拉族自治县,1461
海城区,662
呼图壁县,277
玛纳斯县,1734
奇台县,1606
常宁市,1527
耒阳市,624
吉木萨尔县,516
木垒哈萨克自治县,1374
巢湖市,843
江宁区,1470
六合区,1854
栖霞区,350
任城区,1631
雨花台区,1688
兖州区,823
浦口区,1161
潼南区,759
神农架林区,899
铜梁区,243
南雄市,543
乐昌市,1064
铁山港区,229
武隆区,548
梁平区,920
湛河区,1247
溧水区,6
开州区,1346
高淳区,468
荣昌区,1756
同仁市,75
湟源县,4
东乡区,1871
临川区,646
宁国市,118
永昌县,881
广德市,1630
桑珠孜区,504
大通回族土族自治县,947
临渭区,574
华州区,1465
碧江区,194
红塔区,847
万山区,715
新会区,1416
江川区,1050
江海区,1459
蓬江区,173
赫山区,1324
资阳区,1669
旬阳市,326
利州区,1434
城东区,1142
墨玉县,836
城中区,1811
皮山县,724
洛浦县,225
策勒县,532
湟中区,113
于田县,140
民丰县,559
城西区,1
城北区,90
阜城县,654
景县,320
故城县,1574
谢通门县,1829
昭化区,1918
白朗县,139
朝天区,1535
仁布县,1892
金川区,845
定日县,259
枣强县,1697
萨迦县,902
拉孜县,690
昂仁县,10
安平县,261
饶阳县,1943
南木林县,1674
武强县,172
江孜县,898
武邑县,13
和田县,1192
蒲城县,1666
白水县,1620
合阳县,321
澄城县,1343
元江哈尼族彝族傣族自治县,1637
潼关县,329
江口县,785
大荔县,777
遵化市,1995
玉屏侗族自治县,911
峨山彝族自治县,1944
石阡县,1574
邓州市,1443
新平彝族傣族自治县,1630
思南县,1119
华宁县,1841
印江土家族苗族自治县,1605
易门县,318
德江县,1980
文山市,236
沿河土家族自治县,1970
通海县,334
松桃苗族自治县,1909
青铜峡市,376
海城市,1483
富平县,1161
武穴市,1954
麻城市,588
青川县,1571
剑阁县,513
旺苍县,1320
滦州市,1344
苍溪县,918
迁安市,1596
榆树市,1856
公主岭市,1373
德惠市,1864
东阳市,1803
永康市,873
鹿城区,1253
郊区,270
兰溪市,1852
义乌市,798
龙湾区,1315
瓯海区,725
洞头区,1189
东台市,5
包河区,851
饶平县,1403
姑苏区,78
吴江区,1434
吴中区,574
相城区,132
冀州区,601
虎丘区,1773
桃城区,1066
东风区,89
前进区,402
向阳区,296
龙山县,1864
文县,1319
成县,616
两当县,1550
徽县,800
长丰县,1715
康县,1661
庐江县,422
宕昌县,1889
礼县,1047
肥东县,575
西和县,143
肥西县,993
双湖县,665
汝州市,145
舞钢市,1249
河南蒙古族自治县,1007
泽库县,503
桐柏县,1986
永嘉县,1998
尖扎县,821
资溪县,1640
泸溪县,104
金溪县,1971
宜黄县,1063
泰顺县,1971
潮安区,198
乐安县,1670
调兵山市,579
湘桥区,391
崇仁县,1203
南丰县,1992
黎川县,554
南城县,1472
平阳县,1524
苍南县,1039
文成县,1647
开原市,1693
大冶市,1313
保靖县,478
古丈县,1255
福绵区,923
凤凰县,420
玉州区,157
花垣县,550
永顺县,1465
广昌县,1121
武都区,1021
瑶海区,997
庐阳区,1435
蜀山区,951
陆河县,289
海丰县,1278
望江县,196
岳西县,598
彭泽县,1858
平和县,1546
绥中县,517
华安县,1659
大竹县,1866
岑溪市,865
渠县,1142
宣汉县,806
开江县,1933
建昌县,1183
湖口县,815
钟山区,228
六枝特区,1901
水城区,216
澄江市,948
西区,1720
东区,15
宜君县,1181
晋源区,1672
城区,1285
仁和区,1181
龙港区,47
连山区,324
宜秀区,844
南票区,1709
都昌县,130
永修县,1435
德安县,95
武宁县,627
修水县,755
云霄县,1956
漳浦县,1316
诏安县,794
清徐县,1835
东山县,1307
阳曲县,69
南靖县,1684
娄烦县,11
即墨区,1278
米易县,1866
盐边县,872
卢龙县,550
黄岛区,1158
崂山区,712
李沧区,23
城阳区,815
怀宁县,346
太湖县,302
青龙满族自治县,363
宿松县,396
昌黎县,218
莱西市,141
青阳县,1640
石台县,958
东至县,1234
胶州市,985
平度市,993
小店区,1647
迎泽区,1640
杏花岭区,828
富宁县,683
尖草坪区,1484
广南县,1004
万柏林区,356
丘北县,1008
马关县,1348
思明区,1157
麻栗坡县,888
阿克苏市,1829
庐山市,1864
西畴县,127
库车市,1130
合山市,1009
海沧区,604
高平市,1823
砚山县,1402
湖里区,1929
瑞昌市,1014
共青城市,51
康平县,1053
桑植县,1486
山海关区,1320
慈利县,1321
北戴河区,1750
海港区,779
东安区,1431
阳明区,1793
爱民区,814
桐城市,1637
西安区,1429
潜山市,1370
法库县,1646
抚宁区,420
五莲县,1206
吉隆县,983
田家庵区,825
聂拉木县,1025
谢家集区,1855
萨嘎县,1974
莒县,567
岗巴县,371
大通区,936
康马县,1935
定结县,661
仲巴县,1455
八公山区,969
亚东县,1333
潘集区,1161
宜兰县,202
新竹县,1460
彰化县,313
云林县,117
上虞区,1690
越城区,937
柯桥区,1827
浑南区,575
武陵源区,244
苏家屯区,537
通川区,1626
达川区,75
辽中区,1830
于洪区,386
高明区,1927
沈北新区,1234
贵池区,475
淮安区,418
淮阴区,347
澎湖县,1553
台南市,640
台东县,939
新北市,955
屏东县,876
正镶白旗,763
三水区,1203
顺德区,1206
南海区,664
禅城区,25
五常市,1991
多伦县,1204
尚志市,710
正蓝旗,1525
永定区,1880
岚山区,1185
皇姑区,177
东港区,285
林口县,63
大东区,1003
沈河区,662
和平区,666
桃园市,156
台中市,1906
铁西区,1493
临清市,1073
双辽市,967
新竹市,849
花莲县,1108
永新县,1385
高雄市,689
崖州区,148
邳州市,1654
天涯区,342
吉阳区,476
阳原县,1087
海棠区,1725
新沂市,1384
怀安县,561
南部县,327
芒市,1793
瑞丽市,1760
仪陇县,1165
赤城县,990
桂平市,215
西充县,435
营山县,1915
怀来县,952
蓬安县,723
涿鹿县,1342
苗栗县,32
镶黄旗,670
龙圩区,285
建德市,1329
嘉义县,429
太仆寺旗,1501
长洲区,286
嘉义市,1168
西乌珠穆沁旗,1448
安福县,1043
新化县,18
基隆市,769
东乌珠穆沁旗,590
双峰县,1395
苏尼特右旗,1199
遂川县,1010
苏尼特左旗,194
万安县,502
台北市,988
阿巴嘎旗,1137
永丰县,114
南投县,1246
万秀区,1702
泰和县,947
普陀区,831
虹口区,1668
三门县,1921
保亭黎族苗族自治县,1288
中农发山丹马场,925
天台县,55
陵水黎族自治县,1895
仙居县,1667
乐东黎族自治县,800
黄浦区,778
徐汇区,1482
长宁区,1902
静安区,162
新蔡县,1404
天门市,87
潜江市,55
泌阳县,1500
仙桃市,1824
确山县,1202
遂平县,1415
汝南县,1373
上蔡县,1032
昌江黎族自治县,833
西平县,313
白沙黎族自治县,759
正阳县,1859
临高县,443
盘州市,1791
平舆县,328
澄迈县,1078
屯昌县,761
定安县,1263
鹤峰县,1253
青浦区,579
宣恩县,1075
咸丰县,1633
来凤县,1628
杨浦区,1007
万全区,1288
建始县,1442
闵行区,1827
宣化区,96
巴东县,1112
宝山区,1102
下花园区,1312
嘉定区,1144
浦东新区,814
金山区,491
崇礼区,1936
松江区,452
陇川县,1524
盈江县,165
梁河县,182
藤县,469
苍梧县,910
陆丰市,735
锡林浩特市,823
娄星区,944
二连浩特市,7
蒙山县,330
青原区,775
琼中黎族苗族自治县,1697
峡江县,151
新干县,1109
沁水县,147
吉安县,1648
阳城县,1405
吉水县,915
陵川县,1572
泽州县,1309
温宿县,700
沙雅县,82
新和县,514
拜城县,1921
乌什县,815
阿瓦提县,709
柯坪县,1940
福山区,1547
牟平区,746
张北县,1023
莱山区,1410
蓬莱区,707
尚义县,471
蔚县,1143
康保县,396
奉贤区,1556
沽源县,261
驿城区,805
保康县,934
谷城县,1280
南漳县,1758
新丰县,905
利川市,1250
乳源瑶族自治县,1077
城口县,940
恩施市,1891
牙克石市,1524
满洲里市,1530
金塔县,854
瓜州县,1388
武陟县,1304
招远市,593
栖霞市,714
市南区,1182
温县,632
海阳市,59
市北区,1751
呼玛县,128
塔河县,736
龙口市,721
博爱县,1906
海南区,1139
莱阳市,1233
修武县,526
乌达区,521
莱州市,552
肃北蒙古族自治县,1986
阿克塞哈萨克族自治县,237
根河市,1305
海勃湾区,1383
额尔古纳市,1225
扎兰屯市,1782
仁化县,1302
浔阳区,1259
始兴县,494
柴桑区,4
梨树县,666
延寿县,442
城区,29
濂溪区,1133
通河县,610
木兰县,1751
伊通满族自治县,805
巴彦县,75
井冈山市,838
宾县,1170
方正县,128
依兰县,1877
芗城区,42
翁源县,1380
龙文区,41
龙海区,934
长泰区,34
原平市,1041
冠县,1701
祁东县,1177
东阿县,998
兴宾区,1402
高唐县,588
阳谷县,1623
海原县,1653
桥西区,1898
中宁县,342
桓仁满族自治县,27
本溪满族自治县,1849
莘县,1311
桥东区,646
大观区,731
衡南县,168
衡阳县,610
衡东县,268
迎江区,1773
衡山县,821
襄城区,455
襄州区,906
樊城区,1709
双城区,1425
阿城区,922
呼兰区,981
香坊区,1500
万源市,702
顺庆区,634
高坪区,1582
解放区,1600
崇明区,130
马村区,1020
嘉陵区,1846
中站区,1387
肃州区,1729
南岳区,819
武江区,693
松北区,1316
扶余市,1395
平房区,794
铁西区,29
道外区,149
南岗区,1803
铁东区,1320
道里区,11
靖江市,1536
泰兴市,676
兴化市,1137
曲江区,187
浈江区,807
象州县,744
茌平区,1251
忻城县,1334
东昌府区,98
金秀瑶族自治县,55
雁峰区,623
武宣县,664
珠晖区,758
蒸湘区,406
石鼓区,69
沙坡头区,1336
玉环市,1313
南芬区,1786
明山区,1572
山阳区,751
溪湖区,1172
平山区,1491
温岭市,1763
临海市,1268
洪江市,1515
象山县,1873
天峻县,958
都兰县,1531
乌兰县,365
宁海县,482
港北区,201
覃塘区,154
港南区,1474
项城市,1525
镇海区,73
沧源佤族自治县,713
鄞州区,296
奉化区,1041
双江拉祜族佤族布朗族傣族自治县,1665
耿马傣族佤族自治县,1241
永德县,61
镇康县,939
凤庆县,1640
云县,42
荆州区,25
沙市区,1063
武进区,1827
金坛区,131
新北区,1522
陕州区,1253
湖滨区,108
德令哈市,172
格尔木市,1459
茫崖市,1502
泾川县,102
灵台县,866
崇信县,524
伊川县,275
洛宁县,1637
嵩县,1068
石柱土家族自治县,1979
栾川县,817
漠河市,957
宜阳县,1041
汝阳县,330
庄浪县,1593
彭水苗族土家族自治县,1847
新安县,1521
静宁县,1839
酉阳土家族苗族自治县,12
平南县,1342
秀山土家族苗族自治县,1616
巫山县,216
奉节县,339
云阳县,1800
杭锦后旗,661
乌拉特后旗,1105
乌拉特中旗,1751
巫溪县,1509
隆德县,374
西吉县,976
彭阳县,710
泾源县,1224
忠县,1561
垫江县,466
丰都县,1113
乐都区,1292
卫辉市,1679
青山区,1595
平安区,1946
江岸区,489
华亭市,1901
枝江市,1562
武昌区,47
汉阳区,1312
硚口区,778
江汉区,1040
白银区,711
平川区,401
临朐县,1943
偃师区,1818
当阳市,981
宜都市,1110
宿豫区,250
孟津区,391
西工区,1806
乌拉特前旗,335
老城区,629
磴口县,1543
涧西区,137
五原县,883
瀍河回族区,688
长垣市,1864
辉县市,1522
袁州区,827
莲都区,727
万载县,1501
上高县,594
奉新县,1247
湘乡市,990
饶河县,372
宝清县,935
通道侗族自治县,995
临河区,402
友谊县,1467
韶山市,1514
汉南区,615
长岭县,1297
集贤县,1550
东西湖区,1183
前郭尔罗斯蒙古族自治县,1176
洪山区,995
乾安县,620
新洲区,188
寒亭区,1837
黄陂区,1122
坊子区,131
江夏区,805
奎文区,1195
蔡甸区,936
宿城区,986
彰武县,183
阜新蒙古族自治县,983
洛龙区,364
溧阳市,39
离岛区,1551
阆中市,1912
葵青区,497
北区,1540
西贡区,1373
沙田区,982
屯门区,921
靖州苗族侗族自治县,1421
大埔区,722
芷江侗族自治县,1185
荃湾区,16
潍城区,493
元朗区,1450
侯马市,1132
霍州市,894
中方县,1474
余姚市,311
细河区,739
慈溪市,1194
辰溪县,546
沅陵县,414
会同县,251
溆浦县,759
新晃侗族自治县,1805
麻阳苗族自治县,1165
松阳县,1298
安塞区,1440
云和县,1632
宝山区,1763
庆元县,1915
四方台区,1063
景宁畲族自治县,814
宝塔区,29
大柴旦行政委员会,958
岭东区,477
青田县,318
东方市,245
尖山区,748
临翔区,697
缙云县,272
万宁市,1464
遂昌县,1772
文昌市,1263
宁江区,377
中西区,266
东区,926
九龙城区,921
观塘区,1383
南区,340
泗阳县,389
深水埗区,577
泗洪县,1713
湾仔区,3
太康县,1453
黄大仙区,1166
沭阳县,376
油尖旺区,1694
鹿邑县,324
商水县,146
西华县,1982
郸城县,293
琼海市,1689
沈丘县,432
五指山市,705
清河门区,949
太平区,1999
扶沟县,585
新邱区,399
海州区,817
黄陵县,1913
宜川县,1368
黄龙县,964
新昌县,1164
凌源市,187
北票市,1829
八宿县,61
左贡县,939
芒康县,1404
洛隆县,710
贡觉县,807
类乌齐县,1464
丁青县,1343
涟水县,1326
察雅县,1368
江达县,11
蓟州区,1086
志丹县,1869
塔城市,226
吴起县,1177
乌苏市,1735
沙湾市,564
义马市,772
宝坻区,1595
延长县,1608
滨海新区,1684
延川县,1885
宁河区,1599
灵宝市,1334
静海区,885
西青区,1267
龙陵县,1517
津南区,1390
昌宁县,1354
北辰区,1131
施甸县,226
武清区,825
洛川县,218
甘泉县,937
东丽区,753
富县,506
洪湖市,259
石首市,1912
监利市,1798
蓬溪县,1541
松滋市,1797
大英县,54
清江浦区,1071
洪泽区,727
互助土族自治县,689
化隆回族自治县,1545
民和回族土族自治县,1123
循化撒拉族自治县,1044
集美区,1914
同安区,1777
翔安区,1597
东莞市,1915
措勤县,1514
靖远县,419
改则县,690
会宁县,850
景泰县,62
噶尔县,1169
札达县,216
革吉县,3
日土县,160
普兰县,1763
盱眙县,781
金湖县,1144
凤台县,893
寿县,1113
边坝县,329
浮山县,580
安泽县,1934
乡宁县,1381
吉县,1634
曲沃县,1291
襄汾县,1641
翼城县,952
古县,1347
洪洞县,635
泗县,988
灵璧县,1565
萧县,1673
砀山县,1219
勃利县,921
大宁县,738
永和县,1356
隰县,170
汾西县,521
蒲县,1487
古交市,40
海曙区,1561
南开区,1285
诸暨市,1419
河北区,955
红桥区,1250
嵊州市,984
和平区,1148
河东区,975
河西区,38
江北区,328
北仑区,1275
尧都区,1925
天宁区,1200
埇桥区,1626
卡若区,914
钟楼区,454
茄子河区,37
桃山区,1340
新兴区,1712
托里县,973
渑池县,796
裕民县,1989
和布克赛尔蒙古自治县,973
印台区,593
耀州区,1138
王益区,1064
隆阳区,1325
江陵县,224
公安县,318
船山区,349
安居区,115
子长市,698
额敏县,1347
卢氏县,1592
梅江区,1064
义安区,1890
连州市,40
湘东区,1883
英德市,1997
定海区,1773
普陀区,1313
呈贡区,1286
晋宁区,216
西山区,1171
东川区,336
离石区,1192
梅县区,92
官渡区,353
甘井子区,571
平阴县,1595
普兰店区,816
金州区,1705
商河县,781
旅顺口区,363
郊区,557
桐梓县,1369
绥阳县,1717
正安县,1194
道真仡佬族苗族自治县,356
上栗县,191
寻甸回族彝族自治县,1691
务川仡佬族苗族自治县,422
芦溪县,700
凤冈县,7
环县,133
惠安县,1771
嵩明县,557
湄潭县,826
庆城县,761
莲花县,1055
禄劝彝族苗族自治县,535
余庆县,426
合水县,1418
句容市,672
宜良县,363
华池县,1461
安溪县,1694
石林彝族自治县,1575
丹阳市,1951
永春县,82
禄丰市,356
扬中市,1282
德化县,1742
楚雄市,589
富民县,1548
金门县,295
凤山县,1986
莱芜区,1248
泸县,1549
天峨县,1070
钢城区,1691
讷河市,1137
合江县,1257
罗城仫佬族自治县,17
凤城市,360
东兰县,1247
东港市,866
宁县,700
历城区,448
古蔺县,856
沙河口区,365
正宁县,675
长清区,1008
西岗区,1350
南丹县,467
章丘区,414
中山区,1479
镇原县,586
济阳区,1257
叙永县,1248
枞阳县,994
巴马瑶族自治县,1855
环江毛南族自治县,1436
大化瑶族自治县,572
都安瑶族自治县,335
云梦县,1246
大悟县,37
孝昌县,989
荔浦市,278
岱山县,1220
嵊泗县,916
扎赉特旗,1888
天桥区,484
曲周县,1266
科尔沁右翼中旗,1348
科尔沁右翼前旗,731
馆陶县,192
魏县,1041
历下区,524
市中区,918
槐荫区,401
鸡泽县,1930
广平县,886
突泉县,705
邱县,22
习水县,474
安源区,1144
福安市,210
福鼎市,306
武定县,1294
元谋县,704
龙南市,687
永仁县,285
西峰区,716
大姚县,1700
鲤城区,763
瑞金市,1251
姚安县,948
丰泽区,381
北安市,460
南华县,1031
洛江区,29
五大连池市,907
牟定县,1057
泉港区,1670
嫩江市,879
双柏县,79
南澳县,1952
平原县,947
澧县,459
齐河县,570
汉寿县,1562
武城县,1506
桃源县,1454
夏津县,738
临澧县,1309
宁津县,516
石门县,1123
临邑县,397
庆云县,1513
铜官区,39
安乡县,1295
孝南区,887
金平区,797
新荣区,157
平城区,1099
云冈区,884
云州区,1824
永年区,1154
澄海区,1711
潮南区,974
潮阳区,1108
濠江区,1046
乌兰浩特市,1483
双台子区,1563
雨城区,1731
大洼区,849
兴隆台区,1406
谯城区,748
名山区,1464
阿尔山市,1628
广灵县,989
信宜市,21
灵丘县,303
化州市,869
浑源县,1979
高州市,84
左云县,1798
龙湖区,1683
阳高县,1977
天镇县,1477
成安县,1411
大名县,1531
鼎城区,1281
武陵区,570
临漳县,1916
逊克县,934
文登区,1551
孙吴县,1186
涉县,1981
磁县,1187
环翠区,1856
禹城市,1009
乐陵市,793
连南瑶族自治县,792
连山壮族瑶族自治县,1548
阳山县,1810
佛冈县,1295
汉源县,492
石棉县,208
荥经县,1563
宝兴县,1608
天全县,1084
芦山县,430
红花岗区,985
汇川区,1681
播州区,1629
盘龙区,1333
怀仁市,520
五华区,591
腾冲市,1051
邯山区,1710
丛台区,1586
射洪市,199
纳溪区,387
峰峰矿区,349
龙马潭区,960
肥乡区,1964
长海县,693
复兴区,1560
江阳区,1852
平泉市,378
广饶县,899
青白江区,916
龙泉驿区,1582
温江区,527
新都区,1177
丹徒区,734
郫都区,206
双流区,455
润州区,1297
利津县,1918
新津区,1260
兴宁市,1876
鹤城区,1764
赣县区,521
上犹县,1702
崇义县,1968
洮南市,1017
信丰县,956
梅里斯达斡尔族区,1855
大余县,726
碾子山区,1014
富拉尔基区,501
大安市,117
昂昂溪区,386
铁锋区,1368
建华区,584
西安区,395
龙沙区,1088
龙山区,1741
垦利区,721
霞浦县,72
古田县,1813
屏南县,274
寿宁县,1344
金堂县,338
京口区,1390
大邑县,1519
振安区,607
高昌区,166
振兴区,1568
淮阳区,11
元宝区,1325
川汇区,729
长阳土家族自治县,801
秭归县,102
兴山县,1449
远安县,1416
五峰土家族自治县,779
龙华区,214
围场满族蒙古族自治县,1715
秀英区,1112
江阴市,1577
丰宁满族自治县,401
宜兴市,588
宽城满族自治县,889
蒲江县,1070
美兰区,1696
天长市,1487
琼山区,592
明光市,1334
东营区,1110
河口区,92
原阳县,1684
获嘉县,673
新泰市,714
封丘县,936
肥城市,1952
延津县,242
新乡县,1889
叠彩区,2
秀峰区,225
七星区,801
象山区,1769
章贡区,1997
南康区,1950
莲花山风景林自然保护区,1953
喀喇沁旗,589
宁城县,116
蕉城区,1690
敖汉旗,918
临桂区,1127
雁山区,194
爱辉区,1190
湘潭县,871
夷陵区,90
南沙区,1710
猇亭区,122
花都区,143
点军区,994
番禺区,106
伍家岗区,887
黄埔区,428
白云区,1329
安陆市,1896
应城市,1995
鹰手营子矿区,317
西陵区,1987
增城区,635
汉川市,1926
从化区,9
阳朔县,774
东坡区,1097
灵川县,1383
卫滨区,223
红旗区,1440
彭山区,553
凤泉区,1394
翁牛特旗,716
资源县,1288
龙胜各族自治县,1864
林西县,1714
克什克腾旗,1884
巴林左旗,1342
兴安县,1108
巴林右旗,1342
全州县,111
灌阳县,251
阿鲁科尔沁旗,383
永福县,7
越秀区,459
荔湾区,1108
山阴县,208
应县,900
右玉县,1414
天河区,1338
海珠区,22
恭城瑶族自治县,410
陵城区,895
岳塘区,515
承德县,1151
滦平县,809
隆化县,1724
平乐县,874
德城区,14
兴隆县,971
津市市,978
牧野区,1014
雨湖区,1036
五华县,87
石城县,1548
丰顺县,909
大埔县,1561
会昌县,1325
寻乌县,1267
于都县,122
兴国县,1171
宁都县,1591
拜泉县,750
蕉岭县,1380
克东县,685
平远县,1928
周宁县,1757
洪雅县,1655
柘荣县,309
丹棱县,695
仁寿县,288
青神县,307
松山区,1836
红山区,1618
元宝山区,1990
定南县,914
全南县,1747
安远县,662
克山县,549
东丰县,1376
富裕县,312
朔城区,873
平鲁区,1083
东辽县,1667
甘南县,924
泰来县,1738
依安县,755
龙江县,35
宜州区,445
锦江区,93
金城江区,1974
安宁市,1983
金牛区,1231
双桥区,353
青羊区,903
双滦区,1356
成华区,1841
武侯区,862
宽甸满族自治县,1749
托克逊县,159
鄯善县,1978
赤水市,957
仁怀市,24
上城区,404
萧山区,805
郁南县,516
拱墅区,732
松潘县,1388
西湖区,1406
茂县,532
理县,956
滨江区,152
汶川县,1586
鼓楼区,1713
黑水县,947
云龙区,608
小金县,1641
金川县,420
九寨沟县,1274
新兴县,1141
兰考县,866
科尔沁区,1536
通许县,1764
杞县,578
尉氏县,335
丰镇市,1442
贾汪区,932
大同区,1798
红岗区,295
让胡路区,1962
龙凤区,755
萨尔图区,1395
榆次区,186
太谷区,1270
阿坝县,637
壤塘县,1292
洮北区,1667
红原县,1261
若尔盖县,530
新华区,1576
桐庐县,21
云安区,911
灯塔市,1761
云城区,867
淳安县,794
睢宁县,1544
临泉县,100
沛县,752
丰县,478
阜南县,1623
太和县,1322
鼓楼区,940
钦北区,526
顺河回族区,334
钦南区,2
颍上县,375
禹王台区,293
龙亭区,837
临安区,1958
临平区,1005
钱塘区,553
醴陵市,318
余杭区,1526
富阳区,1852
泉山区,381
铜山区,1647
福清市,14
祥符区,504
界首市,231
市中区,1108
甘谷县,130
武山县,1767
江华瑶族自治县,838
张家川回族自治县,1169
芝罘区,891
清水县,1881
秦安县,28
东安县,66
道县,1187
双牌县,1253
灵山县,261
宁远县,1473
江永县,1448
新田县,460
浦北县,1976
蓝山县,1700
汉台区,301
四子王旗,919
吉州区,1327
南郑区,287
察哈尔右翼后旗,1419
察哈尔右翼中旗,1034
察哈尔右翼前旗,1731
凉城县,630
兴和县,270
商都县,592
随县,1994
东兴区,1629
贺兰县,1802
永宁县,844
息县,862
淮滨县,1385
济源市,1281
商城县,133
新县,1300
潢川县,1800
固始县,1707
光山县,972
罗山县,513
佛坪县,313
马尔康市,576
威远县,886
秦州区,1308
麦积区,1145
资中县,1131
敦煌市,1957
玉门市,687
化德县,1228
卓资县,165
零陵区,305
冷水滩区,1521
黄岩区,1656
西乡县,1580
路桥区,1848
勉县,156
城固县,1391
洋县,1743
杜尔伯特蒙古族自治县,1926
林甸县,620
集宁区,1275
肇源县,957
椒江区,1940
肇州县,1906
镇赉县,334
彭州市,1666
都江堰市,969
崇州市,511
通榆县,1317
邛崃市,1044
镇巴县,282
简阳市,797
留坝县,1025
曾都区,119
宁强县,1059
略阳县,198
姜堰区,485
海陵区,1781
高港区,1083
兴庆区,837
金凤区,1185
西夏区,1009
浉河区,691
平桥区,1230
晋安区,1036
长乐区,490
清新区,276
清城区,693
辽阳县,242
吴兴区,1240
南浔区,1275
淮上区,1835
汾阳市,126
孝义市,217
海州区,1330
赣榆区,1821
连云区,1209
阿图什市,1063
福海县,1247
富蕴县,1208
青河县,495
哈巴河县,427
闽侯县,1202
连江县,919
吉木乃县,1452
罗源县,1318
闽清县,1876
永泰县,151
勐腊县,384
勐海县,1662
平潭县,1837
太子河区,308
五河县,1360
固镇县,1970
怀远县,746
布尔津县,892
贵德县,375
同德县,1032
德清县,1365
共和县,129
长兴县,1015
贵南县,1800
兴海县,669
安吉县,1376
兴城市,1382
罗定市,517
文圣区,1519
白塔区,86
涡阳县,1199
弓长岭区,1826
宏伟区,1217
巴州区,311
利辛县,1143
恩阳区,1242
蒙城县,427
灌南县,1994
东海县,1438
灌云县,114
阿勒泰市,1169
石狮市,1562
晋江市,1672
南安市,303
鼓楼区,744
台江区,1905
仓山区,588
马尾区,987
禹会区,1864
龙子湖区,345
蚌山区,814
永登县,1988
隆昌市,801
皋兰县,1025
榆中县,1171
颍州区,1311
颍东区,1678
颍泉区,1077
巴宜区,1328
临颍县,1093
荣成市,361
陈仓区,1626
舞阳县,1982
凤翔区,1244
渭滨区,1986
金台区,1010
昭阳区,704
电白区,1990
茂南区,575
绥芬河市,1609
海林市,1185
宁安市,1705
穆棱市,1113
东宁市,688
乳山市,781
石楼县,585
乌恰县,1781
柳林县,589
方山县,1183
岚县,489
祁阳市,971
中阳县,1348
交城县,1634
文水县,1405
临县,1126
兴县,494
安宁区,1668
察隅县,1638
城关区,19
朗县,1478
七里河区,1506
西固区,1618
工布江达县,397
太白县,1001
米林市,1303
墨脱县,851
波密县,1389
凤县,1355
阿克陶县,1665
阿合奇县,1368
千阳县,822
麟游县,455
彝良县,1625
眉县,725
威信县,1679
陇县,1089
绥江县,1100
扶风县,711
镇雄县,143
大关县,917
永善县,1939
岐山县,828
巧家县,605
景洪市,1497
新民市,1441
盐津县,305
红古区,736
交口县,1521
鲁甸县,291
灵武市,1964
广水市,102
武安市,1291
源汇区,867
召陵区,968
郾城区,1646
沙洋县,974
滕州市,842
农安县,962
黄平县,942
珠山区,1801
三穗县,1027
漳平市,85
施秉县,1818
岑巩县,328
昌江区,816
镇远县,1474
锦屏县,454
天柱县,1948
贵溪市,629
剑河县,1245
三元区,1178
沙县区,665
安达市,12
肇东市,1157
海伦市,304
八步区,1317
莒南县,975
台安县,1324
湘阴县,1764
新华区,783
平邑县,43
华容县,944
临沭县,343
平江县,1350
平桂区,1838
蒙阴县,498
桥西区,364
沂水县,891
藁城区,427
郯城县,1005
费县,21
岫岩满族自治县,407
井陉矿区,619
兰陵县,1015
裕华区,336
南宫市,1839
杜集区,1141
沙河市,1148
沂南县,399
长安区,793
相山区,1828
烈山区,715
岳阳县,51
黎平县,1807
东宝区,324
台江县,789
从江县,141
榕江县,470
九台区,787
麻江县,1826
双阳区,1358
雷山县,1917
掇刀区,964
丹寨县,1008
柯城区,373
衢江区,1588
河东区,494
叙州区,1563
罗庄区,1693
翠屏区,751
南溪区,1180
千山区,291
君山区,1672
集安市,1168
新源县,106
梅河口市,1444
昭苏县,670
吴川市,1682
特克斯县,2
雷州市,1969
尼勒克县,589
南关区,644
廉江市,90
朝阳区,1369
宽城区,350
通渭县,1483
绿园区,1287
二道区,1375
渭源县,1132
高邮市,1610
陇西县,1063
金湾区,909
斗门区,159
仪征市,1607
香洲区,959
密山市,312
虎林市,1265
岳阳楼区,1962
富川瑶族自治县,445
北镇市,298
凌海市,952
云溪区,36
漳县,1108
铁西区,1476
临洮县,1910
铁东区,1799
钟山县,1846
岷县,1409
昭平县,1196
兰山区,1400
立山区,1709
兴平市,1386
伊宁县,559
彬州市,891
察布查尔锡伯自治县,141
霍城县,887
巩留县,1942
阳西县,1142
建宁县,1301
开化县,726
龙游县,1244
巨鹿县,1929
常山县,1050
西丰县,521
清河县,1807
临西县,10
铁岭县,984
平乡县,378
威县,1657
南江县,1661
平昌县,682
通江县,584
昌图县,152
新河县,720
广宗县,1073
长葛市,1178
西秀区,859
平坝区,1317
太子山天然林保护区,1604
禹州市,50
水富市,664
旌阳区,531
罗江区,1636
郊区,1084
阳东区,1191
江城区,1226
土默特左旗,857
托克托县,146
清河区,915
银州区,1700
武川县,1994
和林格尔县,993
清水河县,1463
盂县,242
普定县,581
镇宁布依族苗族自治县,687
凯里市,1585
关岭布依族苗族自治县,483
紫云苗族布依族自治县,1132
明溪县,1250
清流县,673
浮梁县,631
宁化县,661
大田县,662
尤溪县,1456
将乐县,805
泰宁县,1679
平定县,419
内丘县,988
柏乡县,1479
临城县,1184
宁晋县,1547
隆尧县,650
中江县,969
濉溪县,590
鄄城县,1101
东明县,509
市中区,441
薛城区,1278
霍林郭勒市,921
峄城区,770
台儿庄区,1344
邹城市,1827
淇县,263
浚县,1621
赛罕区,1682
曲阜市,1859
回民区,1578
玉泉区,1398
新城区,637
余江区,1191
城区,1961
月湖区,1777
矿区,459
通化县,999
博乐市,1304
柳河县,700
阿拉山口市,302
辉南县,1555
鸡东县,1604
介休市,1242
新罗区,1126
永定区,554
成武县,288
单县,1191
襄都区,621
郓城县,1006
黄骅市,36
巨野县,744
河间市,1765
任泽区,353
南和区,1700
曹县,1923
北林区,73
信都区,648
伊吾县,1377
巴里坤哈萨克自治县,1915
茶陵县,1094
泊头市,425
攸县,999
任丘市,708
义县,1805
黑山县,561
炎陵县,828
京山市,1666
钟祥市,956
市中区,517
山城区,428
江都区,1563
鹤山区,160
天元区,149
太和区,776
渌口区,1254
麻山区,1736
城子河区,1586
梨树区,67
滴道区,1014
恒山区,1836
鸡冠区,381
东昌区,58
二道江区,1283
铁力市,342
沙湾区,1862
五通桥区,1154
定陶区,727
金口河区,1196
牡丹区,770
望奎县,614
广陵区,1233
兰西县,1827
邗江区,354
青冈县,1495
庆安县,1822
明水县,116
伊州区,1288
淇滨区,662
绥棱县,1836
凌河区,1466
临湘市,1572
古塔区,453
汨罗市,1869
荷塘区,1501
石峰区,287
芦淞区,1327
龙门县,1017
惠东县,311
博罗县,208
南皮县,618
吴桥县,446
盐山县,670
肃宁县,633
泸水市,55
献县,912
孟村回族自治县,1036
江安县,657
城中区,1424
珙县,1932
筠连县,1672
长宁县,980
东兴市,515
高县,1680
祁县,1566
平遥县,237
兴文县,1303
灵石县,348
屏山县,627
柳南区,1128
鱼峰区,630
柳江区,1541
柳北区,1896
什邡市,1272
绵竹市,364
广汉市,321
宝应县,1657
惠阳区,286
惠城区,149
阳春市,1108
运河区,1990
兰坪白族普米族自治县,406
贡山独龙族怒族自治县,978
福贡县,456
柳城县,1767
融安县,800
鹿寨县,1185
奈曼旗,1013
扎鲁特旗,784
开鲁县,460
库伦旗,1574
科尔沁左翼中旗,1524
三江侗族自治县,738
科尔沁左翼后旗,509
融水苗族自治县,1678
榆社县,1828
左权县,481
和顺县,1687
昔阳县,114
精河县,749
寿阳县,1602
温泉县,361
长汀县,341
山亭区,770
上杭县,761
武平县,969
连城县,449
东光县,1867
海兴县,835
沧县,1204
青县,1726
林州市,1431
榕城区,1690
揭东区,1220
来安县,1490
凉州区,311
宁阳县,262
定远县,1443
惠济区,406
凤阳县,1963
丹江口市,143
全椒县,342
金水区,1340
鄂托克旗,1125
管城回族区,244
杭锦旗,490
准格尔旗,12
上街区,1263
鄂托克前旗,561
达拉特旗,42
二七区,678
中原区,594
南岔县,1453
大箐山县,1827
浏阳市,1182
丰林县,1240
汤旺县,1694
临猗县,1486
嘉荫县,134
万荣县,1091
宁乡市,1872
闻喜县,1031
稷山县,948
安岳县,1550
无为市,73
泰山区,399
乐至县,1429
岱岳区,1699
大武口区,578
惠农区,859
友好区,130
乌翠区,931
伊美区,1490
平湖市,1230
桐乡市,1812
峨眉山市,1792
桂阳县,266
三河市,1561
霸州市,1986
德兴市,793
海安市,253
乃东区,822
南谯区,1313
启东市,164
如皋市,95
琅琊区,1806
东胜区,833
永兴县,1134
康巴什区,336
宜章县,822
临武县,238
海宁市,381
嘉禾县,1460
桂东县,899
汝城县,483
锡山区,1961
惠山区,902
安仁县,1049
榆阳区,1677
盐湖区,1141
古城区,482
通山县,1416
崇阳县,917
通城县,994
嘉鱼县,964
横山区,537
虞城县,1103
柘城县,1604
夏邑县,1197
民权县,1980
宁陵县,1036
睢县,1824
班玛县,128
玛沁县,1632
玛多县,92
清涧县,1677
久治县,543
子洲县,846
达日县,1556
甘德县,1682
儋州市,989
康定市,1852
犍为县,447
夹江县,390
井研县,672
沐川县,1885
四会市,43
防城区,254
苏仙区,1154
北湖区,1084
港口区,663
靖边县,467
府谷县,287
咸安区,1011
吴堡县,1541
马边彝族自治县,1491
米脂县,1954
佳县,778
定边县,345
峨边彝族自治县,642
绥德县,382
新吴区,1803
梁溪区,690
密云区,1277
滨湖区,1951
延庆区,1080
怀柔区,1487
平谷区,457
睢阳区,983
昌平区,83
梁园区,1929
大兴区,1123
通州区,149
顺义区,1353
房山区,1180
郧西县,190
金林区,1518
丹巴县,883
房县,263
泸定县,1104
竹溪县,400
竹山县,764
古浪县,609
炉霍县,1284
天祝藏族自治县,1796
道孚县,1639
雅江县,1576
九龙县,785
内黄县,101
滑县,1383
新龙县,1404
民勤县,820
甘孜县,1245
汤阴县,820
安阳县,420
上思县,124
德格县,422
东平县,1255
理塘县,1714
雁江区,1087
色达县,1509
石渠县,1652
白玉县,1727
得荣县,1598
平罗县,768
稻城县,483
乡城县,519
巴塘县,155
长沙县,92
登封市,982
英吉沙县,1550
新郑市,455
泽普县,1765
莎车县,598
万年县,1669
叶城县,510
巩义市,1207
鄱阳县,386
麦盖提县,1598
余干县,1755
岳普湖县,405
新密市,246
弋阳县,742
伽师县,1615
荥阳市,661
横峰县,650
铅山县,1495
玉山县,1850
鹤庆县,1912
剑川县,1447
洱源县,901
普宁市,65
大厂回族自治县,1037
嘉峪关市,213
霍邱县,242
固安县,493
霍山县,1237
金寨县,1717
舒城县,338
文安县,173
大城县,672
香河县,164
疏附县,465
永清县,995
疏勒县,497
永安市,700
辛集市,395
徐闻县,703
遂溪县,1941
婺源县,308
庄河市,1792
乐平市,183
瓦房店市,629
镜湖区,1818
晋州市,510
新乐市,1732
弋江区,546
鸠江区,1588
喀什市,624
广信区,1788
江山市,594
广丰区,744
信州区,1251
南湖区,1769
麻章区,1757
门头沟区,1460
盘山县,1949
石景山区,1446
海淀区,554
朝阳区,21
丰台区,554
城关区,397
叶集区,625
堆龙德庆区,105
裕安区,192
东城区,17
达孜区,1144
金安区,393
西城区,425
广阳区,129
安次区,1154
杨陵区,572
渭城区,1584
秦都区,29
七星关区,1121
沾益区,1034
平果市,242
坡头区,1850
马龙区,1980
霞山区,232
赤坎区,789
麒麟区,1308
靖西市,715
安州区,759
神木市,802
涪城区,776
游仙区,1979
襄城县,726
鄢陵县,200
资兴市,945
嘉善县,79
刚察县,1937
海晏县,956
海盐县,1879
加查县,856
隆子县,1197
琼结县,467
曲松县,581
措美县,1440
洛扎县,940
淳化县,449
无极县,87
扎囊县,101
武功县,1032
平山县,845
贡嘎县,1224
桑日县,1529
祁连县,87
门源回族自治县,43
如东县,1409
元氏县,1645
赵县,1459
奎屯市,408
长武县,1507
霍尔果斯市,664
秀洲区,1041
礼泉县,1669
永寿县,148
泾阳县,277
乾县,232
永城市,1850
华坪县,1951
大理市,366
宁蒗彝族自治县,1252
三原县,1675
玉龙纳西族自治县,436
永胜县,399
旬邑县,1235
赤壁市,1415
安定区,499
建安区,540
海门区,563
魏都区,1515
通州区,442
崇川区,1285
伊宁市,773
惠来县,350
繁昌区,1376
揭西县,520
湾沚区,1344
中牟县,138
鹿泉区,1574
栾城区,1647
云龙县,992
永平县,368
巍山彝族回族自治县,1244
南涧彝族自治县,1361
弥渡县,1247
宾川县,1672
祥云县,1792
漾濞彝族自治县,360
高邑县,921
深泽县,329
行唐县,962
灵寿县,463
南陵县,946
赞皇县,963
浪卡子县,1585
正定县,1828
巴楚县,1406
塔什库尔干塔吉克自治县,836
井陉县,1614
错那市,1641
